class,precision,recall,f1,support
0,1.0,0.28,0.4375,50
1,0.5764705882352941,1.0,0.7313432835820896,49
