train_loss,dev_loss,best_epoch
0.7430001720786095,0.6998021900653839,1
0.6894068792462349,0.6898179650306702,1
