type,precision,recall,f1,support
micro,0.6363636363636364,0.6363636363636364,0.6363636363636364,
macro,0.788235294117647,0.64,0.5844216417910448,
